Cystic Fibrosis,C0010674,C06.689.202;C08.381.187;C16.320.190;C16.614.213
advanced cancer,C0877373,
Glioma,C0017638,C04.557.465.625.600.380;C04.557.470.670.380;C04.557.580.625.600.380
Non-Small Cell Lung Carcinoma,C0007131,C04.588.894.797.520.109.220.249;C08.381.540.140.500;C08.785.520.100.220.500
"Bone Cysts, Aneurysmal",C0152244,C04.182.089.265;C05.116.070.265
Carcinoma breast stage IV,C0278488,
High-Risk Cancer,C1512441,
Breast Carcinoma,C0678222,C04.588.180;C17.800.090.500
Carcinoma of Endocrine Gland,C1704374,C04.588.322;C19.344
HER2-positive carcinoma of breast,C1960398,
Disease,C0012634,C23.550.288
Fish-Eye Disease,C0342895,C16.320.565.398.500.330.500;C18.452.584.500.875.330.500;C18.452.648.398.500.330.500
melanoma,C0025202,C04.557.465.625.650.510;C04.557.580.625.650.510;C04.557.665.510
Hormone sensitive prostate cancer,C4302896,
Squamous cell carcinoma of the head and neck,C1168401,C04.557.470.200.400.565;C04.588.443.177
Squamous cell carcinoma of oropharynx,C0280313,
Childhood Brain Neoplasm,C0220603,
Recurrent Malignant Neoplasm,C1458156,
Renal Insufficiency,C1565489,C12.777.419.780;C13.351.968.419.780
Recurrent Anaplastic Oligodendroglioma,C4553161,
Bone Diseases,C0005940,C05.116
Malignant neoplasm of stomach,C0024623,
Islet Cell Tumor,C0242363,C04.557.470.035.100;C04.588.274.761.249;C04.588.322.475.249;C06.301.761.249;C06.689.667.249;C19.344.421.249
Head and Neck Carcinoma,C3887461,
Stage IV Lung Cancer AJCC v7,C0855005,
Invasive carcinoma of breast,C0853879,
Female Breast Carcinoma,C0007104,
Neutropenia,C0027947,C15.378.553.546.184.564
"Malignant lymphoma, lymphocytic, intermediate differentiation, diffuse",C0334634,C04.557.386.480.525;C15.604.515.569.480.525;C20.683.515.761.480.525
Gastrointestinal Stromal Tumors,C0238198,C04.557.450.565.370;C06.301.371.308;C06.405.249.308
Metastatic urothelial carcinoma,C4288754,
Metastatic human epidermal growth factor 2 positive carcinoma of breast,C4721209,
Clonal Evolution,C1516669,G04.375;G05.158
Adult Glioblastoma,C0278878,
Recurrent Childhood Glioblastoma,C3897752,
Progressive Disease,C1335499,
Neoplasms,C0027651,C04
Neoplasm Metastasis,C0027627,C04.697.650;C23.550.727.650
breast cancer (non-specific) premenopausal,C0741682,
Weakness,C3714552,
"Liposarcoma, Dedifferentiated",C0205824,C04.557.450.550.420;C04.557.450.795.465
Perceived quality of life,C0518214,
Relapse multiple myeloma,C2349261,
Germ cell tumor,C0205851,
Refractory Neoplasm,C1335729,
Solid Neoplasm,C0280100,
High Grade Astrocytic Tumor,C3640999,
"Leukemia, Myelocytic, Acute",C0023467,C04.557.337.539.275
Multiple Chronic Conditions,C3266262,C23.550.291.500.500
Chronic Obstructive Airway Disease,C0024117,C08.381.495.389
Hematologic Neoplasms,C0376545,C04.588.448;C15.378.400
Pancreatic carcinoma,C0235974,x.x.x.x
Recurrent Chronic Lymphoid Leukemia,C0854802,
Refractory Small Lymphocytic Lymphoma,C0855097,
Triple Negative Breast Neoplasms,C3539878,C04.588.180.788;C17.800.090.500.788
Acute leukemia,C0085669,
Rheumatoid Arthritis,C0003873,C05.550.114.154;C05.799.114;C17.300.775.099;C20.111.199
Asthma,C0004096,C08.127.108;C08.381.495.108;C08.674.095;C20.543.480.680.095
Obesity,C0028754,C18.654.726.500;C23.888.144.699.500;E01.370.600.115.100.160.120.699.500;G07.100.100.160.120.699.500
Multiple Myeloma,C0026764,C04.557.595.500;C14.907.454.460;C15.378.147.780.650;C15.378.463.515.460;C20.683.515.845;C20.683.780.650
Acute myocardial infarction,C0155626,
Epilepsy,C0014544,C10.228.140.490
Platinum-Resistant Ovarian Carcinoma,C4688007,
Inflammatory Bowel Diseases,C0021390,C06.405.205.731;C06.405.469.432
Communicable Diseases,C0009450,C01.539.221
"Diabetes Mellitus, Non-Insulin-Dependent",C0011860,C18.452.394.750.149;C19.246.300
Chronic Kidney Diseases,C1561643,C12.777.419.780.750;C13.351.968.419.780.750
Iron deficiency,C0240066,
Signs and Symptoms,C0037088,C23.888
Hypertensive disease,C0020538,C14.907.489
Stiffness,C0427008,
Diabetic Nephropathy,C0011881,C12.777.419.192;C13.351.968.419.192;C19.246.099.875
Oral Mucositis,C1568868,C07.465.864
Dry Eye Syndromes,C0013238,C11.496.260
Refractory Acute Myeloid Leukemia,C4528668,
ST segment elevation myocardial infarction,C1536220,C14.280.647.500.875;C14.907.585.500.875
Allergic rhinitis (disorder),C2607914,C08.460.799.315;C08.674.453;C09.603.799.315;C20.543.480.680.443
Subarachnoid Hemorrhage,C0038525,C10.228.140.300.535.800;C14.907.253.573.800;C23.550.414.913.850
Symptoms,C1457887,
"Alzheimer disease, familial, type 3",C1843013,x.x.x.x
Myocardial Infarction,C0027051,C14.280.647.500;C14.907.585.500
Alzheimer's Disease,C0002395,C10.228.140.380.100;C10.574.945.249;F03.615.400.100
Exhaustion,C0392674,
Arthralgia,C0003862,C05.550.091;C23.888.592.612.094;F02.830.816.444.350;G11.561.790.444.350
DYSFUNCTION - SKIN DISORDERS,C3887505,
Cardiac Arrest,C0018790,C14.280.383
Renal glomerular disease,C0268731,
Non-alcoholic Fatty Liver Disease,C0400966,C06.552.241.519
Amyotrophic Lateral Sclerosis,C0002736,C10.228.854.139;C10.574.562.250;C10.574.950.050;C10.668.467.250;C18.452.845.800.050
endothelial dysfunction,C0856169,
Non ST elevation acute coronary syndrome,C3160886,
Critical Illness,C0010340,C23.550.291.625
Diabetes Mellitus,C0011849,C18.452.394.750;C19.246
Metabolic Syndrome X,C0524620,C18.452.394.968.500.570;C18.452.625
Acute diarrhea,C0740441,
Chronic disease,C0008679,C23.550.291.500
Pain,C0030193,C23.888.592.612;F02.830.816.444;G11.561.790.444
cardiovascular risk factor,C0850624,
"Kidney Failure, Chronic",C0022661,C12.777.419.780.750.500;C13.351.968.419.780.750.500
Liver carcinoma,C2239176,C04.557.470.200.025.255;C04.588.274.623.160;C06.301.623.160;C06.552.697.160
Chromosome 2q32-Q33 Deletion Syndrome,C2676739,x.x.x.x
Acute Cerebrovascular Accidents,C0751956,C10.228.140.300.775;C14.907.253.855
Ischemic stroke,C0948008,
Macrophage Activation Syndrome,C1096155,C20.683.515.800
Primary malignant neoplasm of the peritoneum,C1299307,
Angina Pectoris,C0002962,C14.280.647.187;C14.907.585.187;C23.888.592.612.233.500
Syndrome,C0039082,C23.550.288.500
Gastrointestinal mucositis,C0521585,
Hypothyroidism,C0020676,C19.874.482
Fatigue,C0015672,C23.888.369
Adult Solid Neoplasm,C0280099,
Coronary Arteriosclerosis,C0010054,C14.280.647.250.260;C14.907.137.126.339;C14.907.585.250.260
"Thrombocythemia, Essential",C0040028,C15.378.100.832;C15.378.140.860.800;C15.378.190.636.860.800;C15.378.463.825
Parkinson Disease,C0030567,C10.228.140.079.862.500;C10.228.662.600.400;C10.574.812
Edema,C0013604,C23.888.277
Idiopathic Pulmonary Fibrosis,C1800706,C08.381.483.487.500;C08.381.765.500
Atrial Fibrillation,C0004238,C14.280.067.198;C23.550.073.198
Infection caused by Helicobacter pylori,C0850666,
Aortic Stiffness,C3178782,G09.330.940
"Polycystic Kidney, Autosomal Dominant",C0085413,C12.777.419.403.875.500;C13.351.968.419.403.875.500;C16.131.077.717.500;C16.320.184.625.500
Malaria,C0024530,C03.752.530
Hyponatremia,C0020625,C18.452.950.620
Secondary malignant neoplasm of large intestine,C0346973,
Multiple Sclerosis,C0026769,C10.114.375.500;C10.314.350.500;C20.111.258.250.500
"Lupus Erythematosus, Systemic",C0024141,C17.300.480;C20.111.590
Refractory Plasma Cell Myeloma,C4551538,
BK Virus Infection,C1096691,
Esophageal Neoplasms,C0014859,C04.588.274.476.205;C04.588.443.353;C06.301.371.205;C06.405.117.430;C06.405.249.205
Malignant Childhood Neoplasm,C0278704,
Pancreatitis,C0030305,C06.689.750
Stable angina,C0340288,C14.280.647.187.362;C14.907.585.187.362;C23.888.592.612.233.500.575
Hepatic impairment,C0948807,
Acute gastroenteritis,C0267446,
Dental Plaque,C0011389,C07.793.208.377
Glioblastoma,C0017636,C04.557.465.625.600.380.080.335;C04.557.470.670.380.080.335;C04.557.580.625.600.380.080.335
gastrointestinal gas,C0596601,
Metastatic malignant neoplasm to brain,C0220650,
cardiac event,C0741923,
Corneal edema,C0010037,C11.204.267
Left Ventricular Hypertrophy,C0149721,C14.280.195.400;C23.300.775.250.400
Seizures,C0036572,C10.597.742;C23.888.592.742
Glaucoma,C0017601,C11.525.381
Developmental regression,C1836830,
Carcinoma,C0007097,C04.557.470.200
Prediabetes syndrome,C0362046,C18.452.394.750.774;C19.246.774
Diabetic macular edema,C0730285,
Portal Vein Thrombosis,C0155773,
Acne,C0702166,C17.800.030.150;C17.800.794.111
Adenocarcinoma,C0001418,C04.557.470.200.025
"Dermatitis, Atopic",C0011615,C16.320.850.210;C17.800.174.193;C17.800.815.193;C17.800.827.210;C20.543.480.343
Intraocular pressure disorder,C0595921,
Malignant neoplasm of prostate,C0376358,
Nasopharyngeal carcinoma,C2931822,C04.557.470.200.623;C04.588.443.665.710.650.500;C07.550.350.650.500;C07.550.745.650.500;C09.647.710.650.500;C09.775.350.650.500;C09.775.549.650.500
Metastatic melanoma,C0278883,
Acute ST segment elevation myocardial infarction (disorder),C1303258,
Myalgia,C0231528,C05.651.542;C10.668.491.525;C23.888.592.612.547.249;F02.830.816.353.500;G11.561.790.353.500
Vitiligo,C0042900,C17.800.621.440.895
Idiopathic pulmonary arterial hypertension,C3203102,
Peripheral Arterial Diseases,C1704436,C14.907.137.126.307.500;C14.907.617.671
Hormone refractory prostate cancer,C1328504,
Traveler's diarrhea,C0277528,
Malignant neoplasm of brain,C0153633,
Hyperglycemia,C0020456,C18.452.394.952
Diarrhea,C0011991,C23.888.821.214
Ascites,C0003962,C23.550.081
Advanced Malignant Solid Neoplasm,C4329281,
"Lymphoma, Non-Hodgkin",C0024305,C04.557.386.480;C15.604.515.569.480;C20.683.515.761.480
Persistent asthma,C3266628,
exudative macular degeneration,C2237660,C11.768.585.439.622
Age related macular degeneration,C0242383,C11.768.585.439
Fever,C0015967,C23.888.119.344
Recurrent disease,C0277556,
Malignant Glioma,C0555198,C04.557.465.625.600.380;C04.557.470.670.380;C04.557.580.625.600.380
Metastatic non-small cell lung cancer,C0278987,
"Sarcoma, metastatic",C0748505,
Disorder of eye,C0015397,C11
Malignant Neoplasms,C0006826,C04
MYELODYSPLASTIC SYNDROME,C3463824,C15.378.190.625
Precursor B-cell lymphoblastic leukemia,C1292769,
"Lung Diseases, Interstitial",C0206062,C08.381.483
Lung disease with systemic sclerosis,C0339904,
Systemic Scleroderma,C0036421,C17.300.799;C17.800.784
Crohn Disease,C0010346,C06.405.205.731.500;C06.405.469.432.500
Synovitis,C0039103,C05.550.870
Metastatic Renal Cell Cancer,C0278678,
Secondary malignant neoplasm of lung,C0153676,
Stomatitis,C0038362,C07.465.864
Adult atopic dermatitis,C1276072,
Locally advanced Carcinoma breast,C3495949,
refractory cancer,C0677936,
SPONDYLOCARPOTARSAL SYNOSTOSIS SYNDROME,C1848934,x.x.x.x
Alkalemia,C0221106,
Secondary malignant neoplasm of bone,C0153690,
Acne Vulgaris,C0001144,C17.800.030.150;C17.800.794.111
Kidney Failure,C0035078,C12.777.419.780;C13.351.968.419.780
Stomach Carcinoma,C0699791,
"Seizures, Focal",C0751495,C10.597.742;C23.888.592.742
"Adenocarcinoma, metastatic",C0334277,
Squamous cell carcinoma of esophagus,C0279626,C04.557.470.200.400.330;C04.557.470.700.400.565;C04.588.274.476.205.500;C04.588.443.353.500;C06.301.371.205.500;C06.405.117.430.500;C06.405.249.205.500
"Angina, Unstable",C0002965,C14.280.647.187.150;C14.907.585.187.150;C23.888.592.612.233.500.150
Esophageal carcinoma,C0152018,
Cirrhosis,C1623038,C23.550.355
Autoimmune Diseases,C0004364,C20.111
Advanced Adult Hepatocellular Carcinoma,C1706732,
"Fibrosis, Liver",C0239946,C06.552.630
Toxic Epidermal Necrolysis,C0014518,C07.465.864.500;C17.800.174.600.900;C17.800.229.400.683;C17.800.865.475.683;C20.543.206.380.900;C25.100.468.380.900
Lip and Oral Cavity Carcinoma,C0220641,
Arthritis,C0003864,C05.550.114
Ulcerative Colitis,C0009324,C06.405.205.265.231;C06.405.205.731.249;C06.405.469.158.188.231;C06.405.469.432.249
"Osteoporosis, Postmenopausal",C0029458,C05.116.198.579.610;C18.452.104.579.610
Leukopenia,C0023530,C15.378.553.546
Chronic Lymphocytic Leukemia,C0023434,C04.557.337.428.080.125;C15.604.515.560.080.125;C20.683.515.528.080.125
Van der Woude syndrome,C0175697,x.x.x.x
Recurrent Malignant Glioma,C4684861,
Refractory Lymphoplasmacytic Lymphoma,C0854813,
Colorectal Cancer,C1527249,C04.588.274.476.411.307;C06.301.371.411.307;C06.405.249.411.307;C06.405.469.158.356;C06.405.469.491.307;C06.405.469.860.180
Erythema,C0041834,C17.800.229;C23.888.885.328
Malignant neoplasm of gastrointestinal tract,C0685938,
Metastasis from malignant tumor of prostate,C1282496,
Cancer Remission,C0687702,
Precursor Cell Lymphoblastic Leukemia Lymphoma,C1961102,C04.557.337.428.600;C15.604.515.560.600;C20.683.515.528.600
Early Rheumatoid Arthritis,C3899278,
Osteopenia,C0029453,C05.116.198;C18.452.104
Cerebral Vasospasm,C0265110,C10.228.140.300.900;C14.907.253.951
Alcoholic Liver Diseases,C0023896,C06.552.645;C25.775.100.087.645
Pneumonia,C0032285,C08.381.677;C08.730.610
Mammary Neoplasms,C1458155,C04.588.180;C17.800.090.500
IGA Glomerulonephritis,C0017661,C12.777.419.570.363.608;C13.351.968.419.570.363.608;C20.111.525
Neuralgia,C0027796,C10.668.829.600;C23.888.592.612.664
Muscle Cramp,C0026821,C05.651.475;C10.597.613.500;C23.888.592.608.500
Papillary thyroid carcinoma,C0238463,C04.557.470.200.025.085.612;C04.588.322.894.400;C04.588.443.915.400;C19.344.894.400;C19.874.788.400
Stage IV Thyroid Gland Papillary Carcinoma AJCC v7,C0278851,
Malnutrition,C0162429,C18.654.521
Malignant Head and Neck Neoplasm,C0278996,
Thrombocytopenia,C0040034,C15.378.140.855
Herpes zoster disease,C0019360,C02.256.466.930.750
Lymphopenia,C0024312,C15.378.553.546.605;C20.673.627
Hypercholesterolemia,C0020443,C18.452.584.500.500.396
Brain Neoplasms,C0006118,C04.588.614.250.195;C10.228.140.211;C10.551.240.250
"Carcinoma, Transitional Cell",C0007138,C04.557.470.200.430
Epithelial ovarian cancer,C0677886,C04.557.470.200.295;C04.588.322.455.199;C13.351.500.056.630.705.350;C13.351.937.418.685.350;C19.344.410.199;C19.391.630.705.350
"Neoplasm, Residual",C0242596,C04.697.700;C23.550.727.700
Brain Edema,C1527311,C10.228.140.187
Carcinoma of lung,C0684249,
Raynaud Phenomenon,C0034735,C14.907.617.812
Exercise-induced angina,C0577698,
"Sarcoma, Epithelioid",C0205944,C04.557.450.795
"Arthritis, Psoriatic",C0003872,C05.116.900.853.625.800.424;C05.550.114.145;C05.550.114.865.800.424;C17.800.859.675.175
Cervix carcinoma,C0302592,
Graves Disease,C0018213,C11.675.349.500;C19.874.283.605;C19.874.397.370;C20.111.555
Atherosclerotic lesion,C4703473,
Immune System Diseases,C0021053,C20
Short Bowel Syndrome,C0036992,C06.405.469.637.832;C23.550.767.882
Uveitis,C0042164,C11.941.879
Dermatitis,C0011603,C17.800.174
infection as a complication,C0940933,
Colon Carcinoma,C0699790,
Mastocytosis,C0024899,C04.557.450.565.465;C17.800.508;C20.543.520.350
"Mastocytosis, Systemic",C0221013,C04.557.450.565.465.750;C20.543.520.350.750
Collagen Diseases,C0009326,C17.300.200
leukemia,C0023418,C04.557.337
Ankylosing spondylitis,C0038013,C05.116.900.853.625.800.850;C05.550.069.680;C05.550.114.865.800.850
Kidney Neoplasm,C0022665,C04.588.945.947.535;C12.758.820.750;C12.777.419.473;C13.351.937.820.535;C13.351.968.419.473
Juvenile arthritis,C3495559,C05.550.114.122;C05.799.056;C17.300.775.049;C20.111.198
Left-Sided Heart Failure,C0023212,C14.280.434
skin toxicity,C1167791,
Eosinophilia,C0014457,C15.378.553.231
Mesothelioma,C0025500,C04.557.470.035.510;C04.557.470.660.510
Refractory Mantle Cell Lymphoma,C0855138,
"stage, non-small cell lung cancer",C0280217,
Metastatic castration-resistant prostate cancer,C4721208,
BREAST CANCER 3,C1854365,x.x.x.x
peri-menopausal,C0849668,
Acute Chest Syndrome,C0742343,C08.381.074;C08.618.009;C15.378.071.141.150.150.219;C15.378.420.155.219;C16.320.070.150.219;C16.320.365.155.219
Alveolar rhabdomyosarcoma,C0206655,C04.557.450.590.550.660.665;C04.557.450.795.550.660.665
Stage III Breast Cancer AJCC v6,C0278487,
Refractory Brain Neoplasm,C2347923,
Endometrial Carcinoma,C0476089,C04.588.945.418.948.585;C13.351.500.852.762.200;C13.351.937.418.875.200
Diffuse Intrinsic Pontine Glioma,C2986658,
Luminal B Breast Carcinoma,C3642346,
Neuroblastoma,C0027819,C04.557.465.625.600.590.650.550;C04.557.470.670.590.650.550;C04.557.580.625.600.590.650.550
Lymphoma,C0024299,C04.557.386;C15.604.515.569;C20.683.515.761
extensive stage small cell lung cancer,C0278726,
Small cell carcinoma of lung,C0149925,C04.588.894.797.520.109.220.624;C08.381.540.140.750;C08.785.520.100.220.750
"POLYARTERITIS NODOSA, CHILDHOOD-ONSET",C3887654,
Sarcoidosis,C0036202,C15.604.515.827
Coronavirus Infections,C0206750,C02.782.600.550.200
Alopecia Areata,C0002171,C17.800.329.937.122.147
Skin carcinoma,C0699893,
Granuloma Annulare,C0085074,C17.300.200.495.380;C17.800.550.380;C23.550.382.375
Amyopathic dermatomyositis,C0406645,x.x.x.x
Seronegative rheumatoid arthritis,C0409652,
"Alopecia, Male Pattern",C4083212,C17.800.329.937.122;C23.300.035
Chronic small plaque psoriasis,C0406317,
Psoriasis,C0033860,C17.800.859.675
Juvenile Chronic Polyarthritis,C0409667,
Psoriasis of nail,C0406322,
Edema of bone marrow,C0948162,
Atrophic acne scar,C1274728,
Chloasma,C0025218,C17.800.621.430.530
Acute myeloid leukemia in remission,C0153886,
"Myeloid Leukemia, Chronic",C0023473,C04.557.337.539.250;C15.378.190.636.370
Cutaneous hypersensitivity,C0585186,
Skin lesion,C0037284,
ALZHEIMER DISEASE 4,C1847200,x.x.x.x
Pain of skin,C0241136,
Alzheimer Disease 7,C1853555,x.x.x.x
Acute GVH disease,C0856825,
Refractory B-Cell Non-Hodgkin Lymphoma,C0855090,
Myelofibrosis,C0026987,C15.378.190.636.765
Chronic stable plaque psoriasis,C1304119,
Non-radiographic axial spondyloarthritis,C3889038,
Abdominal Pain,C0000737,C23.888.592.612.054;C23.888.821.030
Urgent desire for stool,C0426636,
Chronic hand eczema,C1276092,
Gonorrhea,C0018081,C01.252.400.625.391;C01.252.810.401;C01.539.778.281.401;C12.294.668.281.401;C13.351.500.711.281.401
B-Cell Lymphomas,C0079731,C04.557.386.480.150;C15.604.515.569.480.150;C20.683.515.761.480.150
Refractory Diffuse Large B-Cell Lymphoma,C0855112,
Neuropathy,C0442874,
Myelofibrosis due to another disorder,C0242006,
Diffuse Large B-Cell Lymphoma,C0079744,C04.557.386.480.150.585;C15.604.515.569.480.150.585;C20.683.515.761.480.150.585
Geographic Atrophy,C1536085,C11.768.585.439.122
Mast Cell Neoplasm,C0334664,
"Anaplastic Large Cell Lymphoma, ALK-Positive",C1332079,
Ocular Hypertension,C0028840,C11.525
"Glaucoma, Open-Angle",C0017612,C11.525.381.407
"Hyperparathyroidism, Secondary",C0020503,C19.642.355.480
Strawberry nevus of skin,C0206733,C04.557.645.375.380
Acute Coronary Syndrome,C0948089,C14.280.647.124;C14.907.585.124
Sarcoma,C1261473,C04.557.450.795
"Hepatitis C, Chronic",C0524910,C02.440.440.120;C02.782.350.350.120;C06.552.380.350.120;C06.552.380.705.440.120
Cervical Squamous Cell Carcinoma,C0279671,
Locally Advanced Malignant Neoplasm,C0677984,
"Glaucoma, Primary Open Angle",C0339573,C11.525.381.407
Progressive Neoplastic Disease,C0677932,
Recurrent Childhood Acute Lymphoblastic Leukemia,C0278519,
Malignant Female Reproductive System Neoplasm,C0699889,
Refractory Soft Tissue Sarcoma,C4528201,
Hot flushes,C0600142,C23.888.475
Refractory Lymphoma,C4525060,
Metastatic Head and Neck Carcinoma,C4288756,
recurrent cervical cancer,C0278579,
recurrent ovarian epithelial cancer,C0278689,
Coronary Restenosis,C0948480,C14.280.647.250.285.200;C14.907.585.250.285.200
Drug Resistant Epilepsy,C1096063,C10.228.140.490.125
Refractory Non-Hodgkin Lymphoma,C0854867,
recurrent breast cancer,C0278493,
recurrent small cell lung cancer,C0278727,
Recurrent Carcinoma,C0549379,
Cytomegalovirus Infections,C0010823,C02.256.466.245
Non-Resectable Hepatocellular Carcinoma,C1112459,
malignant disease,C0442867,
Chronic graft-versus-host disease,C0867389,
Acute Undifferentiated Leukemia,C0280141,
Stage IV Breast Cancer AJCC v6 and v7,C4520898,
Bladder Neoplasm,C0005695,C04.588.945.947.960;C12.758.820.968;C12.777.829.813;C13.351.937.820.945;C13.351.968.829.707
Adult Acute Lymphocytic Leukemia,C0751606,
malignant neoplasm of breast staging,C2216702,
Cancer of Urinary Tract,C0751571,C04.588.945.947;C12.758.820;C13.351.937.820
Transitional cell carcinoma of bladder,C0279680,
Carcinoma of bladder,C0699885,
Arterial Occlusive Diseases,C0003838,C14.907.137
Renal Cell Carcinoma,C0007134,C04.557.470.200.025.390;C04.588.945.947.535.160;C12.758.820.750.160;C12.777.419.473.160;C13.351.937.820.535.160;C13.351.968.419.473.160
"Glioblastoma, IDH-Wildtype",C1514422,
Palmar-plantar erythrodysesthesia syndrome,C0549410,C17.800.174.600.587;C25.100.468.380.587
Metastatic Pancreatic Adenocarcinoma,C0861727,
Non-Squamous Non-Small Cell Lung Carcinoma,C4528750,
Kidney Small Cell Carcinoma,C2212425,
Metastatic small cell carcinoma,C0748861,
primary tumor,C0677930,
Malignant neoplasm of stomach stage IV,C0278498,
tumor growth,C0598934,
Well Differentiated Pancreatic Endocrine Tumor,C1337011,
renal cancer metastatic,C0919976,
metastatic hypernephroma,C0813175,
"Carcinoma of urinary bladder, invasive",C1827293,
Uveal melanoma,C0220633,x.x.x.x
Malignant Pleural Mesothelioma,C0812413,
Carcinoma of peritoneum,C0948303,
Adrenocortical carcinoma,C0206686,C04.557.470.200.025.152;C04.588.322.078.265.750;C19.053.098.265.750;C19.053.347.500.750;C19.344.078.265.750
Refractory Carcinoma,C3887901,
Conventional (Clear Cell) Renal Cell Carcinoma,C0279702,
Stromal Neoplasm,C0879615,
neoplasm regression,C0920616,
Liver Neuroendocrine Neoplasm,C3273030,
Secondary malignant neoplasm of liver,C0494165,
Childhood Solid Neoplasm,C0279068,
Advanced Bile Duct Carcinoma,C4684880,
Von Hippel-Lindau Syndrome,C0019562,C10.562.925;C14.907.077.925;C16.131.077.245.750;C16.320.184.750
Adenoid Cystic Carcinoma,C0010606,C04.557.470.200.025.220
Adenoid cystic carcinoma of salivary gland,C0279751,
Malignant Central Nervous System Neoplasm,C0348374,
Advanced Non-Squamous Non-Small Cell Lung Carcinoma,C4688308,
Refractory Gastric Carcinoma,C4688320,
Malignant Testicular Germ Cell Tumor,C0855197,
Clear Cell Malignant Neoplasm,C1880101,
Pancreatic Neoplasm,C0030297,C04.588.274.761;C04.588.322.475;C06.301.761;C06.689.667;C19.344.421
Hormone-Resistant Prostate Carcinoma,C3898877,
Malignant Fibrous Histiocytoma,C0334463,C04.557.450.565.590.425.360;C04.557.450.795.400
leiomyosarcoma,C0023269,C04.557.450.590.455;C04.557.450.795.455
liposarcoma,C0023827,C04.557.450.550.420;C04.557.450.795.465
Differentiated Thyroid Gland Carcinoma,C1337013,
Medullary carcinoma of thyroid,C0238462,x.x.x.x
Refractory Thyroid Gland Carcinoma,C4684942,
Myelofibrosis Transformation in Essential Thrombocythemia,C3805233,
Polycythemia Vera,C0032463,C04.588.448.200.500;C15.378.190.250.500;C15.378.190.636.753;C15.378.400.200.500
"Polycythemia Vera, Post-Polycythemic Myelofibrosis Phase",C3805232,
Primary peritoneal carcinoma,C1514428,
Lung consolidation,C0521530,
Solitary fibrous tumor,C1266119,C04.557.450.565.590.797
Leiomyosarcoma of uterus,C0280631,
Metastatic Carcinoma to the Uterine Cervix,C0278584,
Clear-cell metastatic renal cell carcinoma,C2931852,x.x.x.x
metastatic renal carcinoma,C0919989,
Neuroendocrine Tumors,C0206754,C04.557.465.625.650;C04.557.580.625.650
Transient hypothyroidism,C0271795,
Vascular Neoplasms,C0282607,C04.588.839.750;C14.907.936
Evaluable Disease,C1516986,
Neuroendocrine tumor grade 2,C1266148,
Inflammatory Breast Carcinoma,C0278601,C04.588.180.576;C17.800.090.500.576
Sarcomatoid Renal Cell Carcinoma,C1266043,C04.557.470.200.025.390;C04.588.945.947.535.160;C12.758.820.750.160;C12.777.419.473.160;C13.351.937.820.535.160;C13.351.968.419.473.160
Papillary Renal Cell Carcinoma,C1306837,C04.557.470.200.025.390;C04.588.945.947.535.160;C12.758.820.750.160;C12.777.419.473.160;C13.351.937.820.535.160;C13.351.968.419.473.160
Gastroesophageal Junction Adenocarcinoma,C1332166,
Intermediate cell carcinoma,C0545069,
Malignant Meningioma,C0259785,C04.557.580.520;C04.557.645.520;C04.588.614.250.580.500;C10.551.240.500.500
Paraganglioma,C0030421,C04.557.465.625.650.700;C04.557.580.625.650.700
Pheochromocytoma,C0031511,C04.557.465.625.650.700.725;C04.557.580.625.650.700.725
Tumor Angiogenesis,C1519670,
Digestive System Neoplasms,C0012243,C04.588.274;C06.301
stage IIIB non-small cell lung cancer,C0278984,
Carcinoma of unknown primary,C0220647,
Gastric Adenocarcinoma,C0278701,
Sarcoma of soft tissue,C4551687,
Ependymoma,C0014474,C04.557.465.625.600.380.290;C04.557.470.670.380.290;C04.557.580.625.600.380.290
ROSE Cluster 2,C4050313,
recurrent prostate cancer,C0278838,
Low grade glioma,C1997217,
Gastrooesophageal cancer,C1112160,
Gastrointestinal Neoplasms,C0017185,C04.588.274.476;C06.301.371;C06.405.249
Thymic Carcinoma,C0205969,C04.557.435.850;C04.588.894.949.500;C15.604.861.800
Thymoma,C0040100,C04.557.435.850;C04.588.894.949.500;C15.604.861.800
Recurrent Endometrial Cancer,C0278802,
High Risk Myelodysplastic Syndrome,C4528176,
Juvenile Myelomonocytic Leukemia,C0349639,C04.557.337.539.525;C15.378.190.615.520
"Fibromatosis, Aggressive",C0079218,C04.557.450.565.590.340.410
Exanthema,C0015230,C17.800.257
Adenocarcinoma Of Esophagus,C0279628,x.x.x.x
Epidermal growth factor receptor positive non-small cell lung cancer,C1960925,
Pleural effusion disorder,C0032227,C08.528.652
Adenocarcinoma of lung (disorder),C0152013,C04.557.470.200.025.022;C04.588.894.797.520.055
Carcinogenesis,C0596263,C04.697.098;C23.550.727.098
Secondary malignant neoplasm of pancreas,C0346976,
recurrent pancreatic cancer,C0854777,
Stage IV Nasopharyngeal Carcinoma,C1377919,
Fallopian Tube Carcinoma,C0238122,
Ovarian cancer stage III,C0278687,
Stage IV Ovarian Cancer AJCC v8,C4553703,
Squamous non-small cell lung cancer,C4509816,
Recurrent Head and Neck Carcinoma,C1335703,
Unresectable Pancreatic Carcinoma,C0854776,
Adult Brain Stem Glioma,C0278873,
Malignant neoplasm of ovary,C1140680,
Biliary Tract Cancer,C0750952,C04.588.274.120;C06.130.320;C06.301.120
Unresectable Malignant Neoplasm,C1336869,
Meningioma,C0025286,C04.557.580.520;C04.557.645.520;C04.588.614.250.580.500;C10.551.240.500.500
"Neoplasms, Unknown Primary",C0027667,C04.697.650.895;C23.550.727.650.895
Recurrent Meningioma,C1335713,
gliosarcoma,C0206726,C04.557.465.625.600.380.400;C04.557.470.670.380.400;C04.557.580.625.600.380.400
stage III non-small cell lung cancer,C0278506,
TORCH syndrome,C0270173,
Endometrial neoplasm malignant metastatic,C0278801,
Lung diseases,C0024115,C08.381
Bronchioloalveolar Adenocarcinoma,C0007120,C04.557.470.200.025.022.500;C04.588.894.797.520.055.500
Adenocarcinoma of pancreas,C0281361,
Hormone receptor positive tumor,C1563119,
Malignant neoplasm of breast,C0006142,
androgen independent prostate cancer,C1654637,
recurrent non-small cell lung cancer,C0278517,
"stage, pancreatic cancer",C0280222,
Metastatic Carcinoma in the Lung,C0238254,
premalignant lesion,C0850639,
Metastatic Malignant Neoplasm to the Leptomeninges,C1704231,
Cancer of Head,C0751177,C04.588.443
"Brain Tumor, Primary",C0750974,C04.588.614.250.195;C10.228.140.211;C10.551.240.250
Resectable Pancreatic Carcinoma,C0854778,
Squamous cell carcinoma of lung,C0149782,
Resistance to Insulin-Like Growth Factor I,C1849157,x.x.x.x
"Adenocarcinoma of lung, stage IV",C0854988,
Metastatic Skin Squamous Cell Carcinoma,C4087141,
Adenomatous Polyposis Coli,C0032580,C04.557.470.035.215.100;C04.588.274.476.411.307.089;C04.700.100;C06.301.371.411.307.090;C06.405.249.411.307.090;C06.405.469.158.356.090;C06.405.469.491.307.090;C06.405.469.578.249;C16.320.700.100
Colorectal Neoplasms,C0009404,C04.588.274.476.411.307;C06.301.371.411.307;C06.405.249.411.307;C06.405.469.158.356;C06.405.469.491.307;C06.405.469.860.180
Cholangiocarcinoma,C0206698,C04.557.470.200.025.450
Liver and Intrahepatic Biliary Tract Carcinoma,C0279000,
Malignant neoplasm of lung,C0242379,
Advanced Head and Neck Carcinoma,C4329280,
Acquired disease,C0277564,
Childhood Ependymoma,C1851584,x.x.x.x
Refractory Ependymoma,C4687708,
limited stage small cell lung cancer,C0278725,
Duodenal Neoplasms,C0013291,C04.588.274.476.411.445;C06.301.371.411.445;C06.405.249.411.445;C06.405.469.275.270;C06.405.469.491.445
Advanced Head and Neck Squamous Cell Carcinoma,C4528408,
Stage IB Non-Small Cell Lung Carcinoma AJCC v7,C1336139,
Metastatic Non-Squamous Non-Small Cell Lung Carcinoma,C4288755,
Endocrine-Cerebroosteodysplasia,C2675227,x.x.x.x
Refractory Pancreatic Carcinoma,C4684831,
Gallbladder Carcinoma,C0235782,
Rectal Carcinoma,C0007113,
Squamous cell carcinoma,C0007137,C04.557.470.200.400;C04.557.470.700.400
Tumor Cell Invasion,C1269955,
Squamous cell carcinoma of skin,C0553723,
Adult Anaplastic Astrocytoma,C0280483,
Localized Carcinoma,C1334407,
Convulsions,C4048158,C10.597.742;C23.888.592.742
Squamous cell carcinoma of vulva,C0280856,
Metastatic hepatocellular carcinoma,C0744869,
Refractory Colorectal Carcinoma,C4688318,
Prolactinoma,C0033375,C04.557.470.035.625;C04.588.322.609.792;C10.228.140.617.738.675.800;C19.344.609.792;C19.700.734.792
Adult Spinal Cord Ependymoma,C1332215,
CNS metastases,C0686377,
Early-Stage Breast Carcinoma,C2986665,
Neurofibromatosis 2,C0027832,C04.557.465.625.650.595.610.500;C04.557.580.600.580.590.655;C04.557.580.600.610.595.610.500;C04.700.631.655;C09.218.807.800.675.500;C09.647.675.500;C10.292.225.750.500;C10.292.910.600.500;C10.562.600.750;C10.574.500.549.700;C16.320.400.560.700;C16.320.700.633.655
adult meningioma,C0278877,
Toxic liver disease,C0348754,
Stage IV Bladder Cancer AJCC v6,C0278828,
Noninfiltrating Intraductal Carcinoma,C0007124,C04.557.470.200.025.275;C04.557.470.200.240.187.250;C04.557.470.615.275
Primary malignant neoplasm of breast,C1299258,
Chordoma,C0008487,C04.557.465.220
Disseminated Malignant Neoplasm,C0346957,
Human papilloma virus infection,C0343641,C02.256.650;C02.928.725
hypopharyngeal squamous cell carcinoma,C0280321,
Acoustic Neuroma,C0027859,C04.557.465.625.650.595.610;C04.557.580.600.610.595.610;C04.557.580.625.650.595.610;C04.588.614.300.015;C04.588.614.596.240.015;C09.218.807.800.675;C09.647.675;C10.292.225.750;C10.292.910.600
Neurofibromatosis 1,C0027831,C04.557.580.600.580.590.650;C04.700.631.650;C10.562.600.500;C10.574.500.549.400;C10.668.829.675;C16.320.400.560.400;C16.320.700.633.650
bilateral breast cancer,C0281267,
Gilbert Disease (disorder),C0017551,C16.320.565.300.528;C18.452.648.300.528
Metastatic Transitional Cell Carcinoma,C3160869,
Malignant neoplasm of salivary gland,C0220636,
Metastatic Carcinomas,C1096653,
"Leukemia, Myeloid, Chronic-Phase",C0023474,C04.557.337.539.250.400;C15.378.190.636.370.400
Philadelphia chromosome positive chronic myelogenous leukemia,C0279543,
Chronic liver disease,C0341439,
stage I non-small cell lung cancer,C0278504,
Mucinous Adenocarcinoma,C0007130,C04.557.470.200.025.075;C04.557.470.590.075
Burning Mouth Syndrome,C0006430,C07.465.114
synovial sarcoma,C0039101,C04.557.450.565.835;C04.557.450.795.875
Thyroid Neoplasm,C0040136,C04.588.322.894;C04.588.443.915;C19.344.894;C19.874.788
Gigantism,C0017547,C05.116.099.492;C05.116.132.479;C19.700.355.528
Adenocarcinoma of large intestine,C1319315,
Tumors in children,C3825567,
Renal cell carcinoma recurrent,C0278679,
Malignant mesothelioma,C0345967,x.x.x.x
Malignant Solid Neoplasm,C1698088,
Malignant neoplasm of skin,C0007114,
stage II non-small cell lung cancer,C0278505,
stage IIIA non-small cell lung cancer,C0278983,
Early infantile epileptic encephalopathy with suppression bursts,C0393706,
Head and Neck Neoplasms,C0018671,C04.588.443
Lepidic Predominant Adenocarcinoma,C4049711,
Cutaneous Squamous Cell Carcinoma of the Head and Neck,C4524517,
Esophageal neoplasm metastatic,C0278562,
Brain Stem Glioma,C0677865,
Astrocytoma,C0004114,C04.557.465.625.600.380.080;C04.557.470.670.380.080;C04.557.580.625.600.380.080
Chronic eosinophilic leukemia,C0346421,
B Acute Lymphoblastic Leukemia with t(9;22)(q34.1;q11.2); BCR-ABL1,C1709527,
"Leukemia, Myeloid, Accelerated Phase",C0023472,C04.557.337.539.250.300;C15.378.190.636.370.300
Blast Phase,C0005699,C04.557.337.539.250.100;C04.697.098.500.110;C15.378.190.636.370.100;C23.550.727.098.500.110
Gastrointestinal Stromal Sarcoma,C3179349,C04.557.450.565.370;C06.301.371.308;C06.405.249.308
Chronic myeloid leukemia in myeloid blast crisis,C1531552,
Recurrent WHO Grade III Glioma,C4688342,
Acute lymphoblastic leukemia CHEMOTHERAPY,C0745701,
Carcinoid Tumor,C0007095,C04.557.465.625.650.200;C04.557.470.200.025.200;C04.557.580.625.650.200
Spondylarthritis,C0949690,C05.116.900.853.625;C05.550.114.865
Chronic myeloid leukemia in remission,C0153888,
Gastrointestinal stromal tumor of small intestine,C1335996,
Malignant melanoma of eye,C0558356,
Malignant neoplasm of endocrine gland,C0153658,
refractory plasma cell neoplasm,C0278620,
Intestinal Neoplasms,C0021841,C04.588.274.476.411;C06.301.371.411;C06.405.249.411;C06.405.469.491
purging,C0855227,
Residual Tumor,C0543478,C04.697.700;C23.550.727.700
Tumor Progression,C0178874,
Dermatofibrosarcoma,C0206647,C04.557.450.565.590.350.320;C04.557.450.795.350.320
Philadelphia chromosome negative chronic myelogenous leukemia,C0279549,
AIDS with Kaposi's sarcoma,C0276535,x.x.x.x
relapsing chronic myelogenous leukemia,C0278787,
Acute lymphocytic leukemia,C0023449,
Osteosarcoma,C0029463,C04.557.450.565.575.650;C04.557.450.795.620
Peritoneal Gastrointestinal Stromal Tumor,C1519009,
Adult Acute Myeloblastic Leukemia,C0220615,
Hypereosinophilic syndrome,C1540912,C15.378.553.231.549
Hypogammaglobulinemia,C0086438,C15.378.147.142;C15.604.515.032;C20.673.088
Idiopathic Hypereosinophilic Syndrome,C0206141,C15.378.553.231.549
Steroid Refractory Graft Versus Host Disease,C4687714,
High Risk Gastrointestinal Stromal Tumor,C1334026,
Childhood Leukemia,C1332977,
Mixed Oligodendroglioma-Astrocytoma,C0280793,C04.557.465.625.600.380.590;C04.557.470.670.380.590;C04.557.580.625.600.380.590
Recurrent Childhood Oligodendroglioma,C3897747,
Anemia,C0002871,C15.378.071
Childhood Lymphoma,C1332979,
Lymphoid neoplasm,C0598798,
Myeloid neoplasm,C2939461,
Desmoplastic Small Round Cell Tumor,C0281508,C04.557.450.795.315
Second Primary Cancers,C0751623,C04.692
Gastric Gastrointestinal Stromal Tumor,C1333768,
Diffuse Scleroderma,C1258104,C17.300.799.602;C17.800.784.602
Sclerosis of the skin,C0263009,
Mucosal Melanoma,C3898222,
Recurrent Mature T- and NK-Cell Non-Hodgkin Lymphoma,C1335711,
Refractory Mature T-Cell and NK-Cell Non-Hodgkin Lymphoma,C1335727,
Recurrent Gastrointestinal Stromal Tumor,C4288306,
refractory CML,C1370868,
Enthesitis-Related Arthritis,C3495919,
skin damage,C0849640,
Plexiform Neurofibroma,C0206728,C04.557.580.600.580.585;C10.551.775.500.750.500;C10.668.829.725.500.600.500
Serous Tubal Intraepithelial Carcinoma,C4287589,
Ovarian Serous Adenocarcinoma,C1335177,
Aminoaciduria,C0238621,
Nephrogenic Fibrosing Dermopathy,C1619692,C17.800.553;C23.550.355.550
Malignant neoplasm of thymus,C0751552,
Recurrent Chondrosarcoma,C0855013,
Anaplastic thyroid carcinoma,C0238461,C04.557.470.200.725
Recurrent fibromatosis,C1265990,
Ewing Sarcoma/Peripheral Primitive Neuroectodermal Tumor,C3536893,
Uterine Carcinosarcoma,C0280630,
Merkel cell carcinoma,C0007129,C02.256.721.150;C02.928.216;C04.557.465.625.650.240.325;C04.557.470.200.025.370.325;C04.557.580.625.650.240.325
Myeloproliferative disease,C0027022,C15.378.190.636
Myeloid Leukemia,C0023470,C04.557.337.539
Central Nervous System Neoplasms,C0085136,C04.588.614.250;C10.551.240
Relapsing chronic myeloid leukemia,C1532368,
Chiasmal glioma,C1319185,
Peritoneal Neoplasms,C0031149,C04.588.033.513;C04.588.274.780;C06.301.780;C06.844.620
Recurrent Glioma,C4331229,
"SCLERODERMA, PULMONARY",C0238415,
"Carcinomatosis, primary",C0865015,
Peritoneal Surface Malignancy,C4318618,C04.588.033.513;C04.588.274.780;C06.301.780;C06.844.620
MYOTONIC DYSTROPHY 1,C3250443,
"Neoplasms, Vascular Tissue",C0027668,C04.557.645
Refractory Melanoma,C4688319,
Angioimmunoblastic Lymphadenopathy,C0020981,C15.604.338.500;C15.604.515.509;C20.683.515.501
Core binding factor acute myeloid leukemia,C3839741,
anemia acute,C0740985,
Refractory Central Nervous System Neoplasm,C2347924,
Alveolar Soft Part Sarcoma,C0206657,C04.557.450.590.775;C04.557.450.795.775
Chondrosarcoma,C0008479,C04.557.450.565.280;C04.557.450.795.300
Cystic Neoplasm,C1333190,
"Leukemia, Large Granular Lymphocytic",C1522378,C04.557.337.428.580.049;C15.604.515.560.575.049;C20.683.515.528.582.049
Central Nervous System Germinoma,C1333813,
Blood Coagulation Disorders,C0005779,C15.378.100
Central Nervous System Leukemia,C1332884,
Fibrous histiocytoma of tendon sheath,C1318543,C04.557.450.565.380.690;C05.550.870.445;C05.651.869.762
Testicular Germ Cell Tumor,C1336708,x.x.x.x
Lobular Neoplasia,C0861352,
Pigmented villonodular synovitis,C0039106,C04.557.450.565.380.690.500;C05.550.870.445.500;C05.651.869.762.500
"Chronic myeloid leukemia, BCR/ABL-positive",C2861580,
Lewy Body Disease,C0752347,C10.228.140.079.862.400;C10.228.140.380.422;C10.228.662.600.200;C10.574.531;F03.615.400.512
"Malignant melanoma, metastatic",C0860594,
Peripheral arterial occlusive disease,C1306889,
Hyperbilirubinemia,C0020433,C23.550.429
Advanced Pleural Malignant Mesothelioma,C0854889,
Infant Acute Lymphoblastic Leukemia,C4054727,
Acute monocytic leukemia,C0023465,C04.557.337.539.275.484
Refractory Neuroblastoma,C4525059,
Inflammatory Myofibroblastic Tumor,C0334121,
Ki-1+ Anaplastic Large Cell Lymphoma,C0206180,C04.557.386.480.750.399;C15.604.515.569.480.750.600;C20.683.515.761.480.750.399
Anaplastic lymphoma kinase positive anaplastic large cell lymphoma,C4518436,
Clear Cell Sarcoma of Soft Tissue,C0206651,C04.557.450.565.800;C04.557.450.795.800
Childhood Anaplastic Large Cell Lymphoma,C1332942,
Systemic disease,C0442893,
Chronic myeloproliferative disorder,C1292778,
Metastatic Ductal Breast Carcinoma,C2698203,
Pancreatic Ductal Adenocarcinoma,C1335302,
Stage IV Adrenal Cortex Carcinoma AJCC v7,C0678053,
Refractory Glioblastoma,C4687446,
Refractory Hematologic Malignancy,C1335724,
Astler-Coller B1 Rectal Carcinoma,C1516061,
Stage IV Esophageal Squamous Cell Carcinoma,C1142025,
Stage IV Squamous Cell Lung Carcinoma AJCC v7,C0854994,
Cortical cataract,C0271160,
Isovaleryl-CoA dehydrogenase deficiency,C0268575,x.x.x.x
Stage IVB Oropharyngeal Squamous Cell Carcinoma AJCC v7,C1336387,
Meningeal Carcinomatosis,C0220654,C04.588.614.250.580.150;C10.551.240.500.150
Adenocarcinoma of rectum,C0149978,
recurrent osteosarcoma,C0278779,
Refractory Osteosarcoma,C4684870,
Tumor thrombus,C3163918,
Malignant neoplasm of kidney,C0740457,
Digestive System Neuroendocrine Neoplasm,C1333799,
Metastatic thymic carcinoma,C4038952,
Malignant neoplasm of thyroid,C0007115,
"Thymoma, type B3",C0279705,
Lichen disease,C0023643,
T-Cell Lymphoma,C0079772,C04.557.386.480.750;C15.604.515.569.480.750;C20.683.515.761.480.750
Severe Acute Respiratory Syndrome,C1175175,C02.782.600.550.200.750;C08.730.730
"Respiratory Distress Syndrome, Adult",C0035222,C08.381.840;C08.618.840
Human immunodeficiency virus (HIV) II infection category B1,C3854222,
T-Cell Prolymphocytic Leukemia,C2363142,C04.557.337.428.565.750;C04.557.337.428.580.075;C15.604.515.560.550.750;C15.604.515.560.575.125;C20.683.515.528.565.750;C20.683.515.528.582.125
"Lymphohistiocytosis, Hemophagocytic",C0024291,C15.604.250.410.575
Craniosynostosis,C0010278,C05.116.099.370.894.232;C05.660.207.240;C05.660.906.364;C16.131.621.207.240;C16.131.621.906.364
Graft-vs-Host Disease,C0018133,C20.452
Chronic Neutrophilic Leukemia,C0023481,C15.378.190.636.380
"Leukemia, Myeloid, Chronic, Atypical, BCR-ABL Negative",C1292772,C04.557.337.539.300;C15.378.190.615.500
Primary Myelofibrosis,C0001815,C15.378.190.636.765
Adult Hodgkin Lymphoma,C0220597,C04.557.386.355;C15.604.515.569.355;C20.683.515.761.355
Mediastinal (Thymic) Large B-Cell Lymphoma,C1292754,
Secondary Hemophagocytic Lymphohistiocytosis,C4054044,
Bronchiolitis Obliterans,C0006272,C08.127.446.135.140;C08.381.495.146.135.140
Refractory Childhood Hodgkin Lymphoma,C3897729,
Myelodysplastic-Myeloproliferative Diseases,C1301355,C15.378.190.615
Splanchnic vein thrombosis,C4022560,
Oncogenic osteomalacia,C1274103,x.x.x.x
progressive multiple sclerosis,C1095979,
Indolent Systemic Mastocytosis,C0272203,C04.557.450.565.465.750;C20.543.520.350.750
Canine Lymphoma,C4289841,
Cutaneous Mastocytosis,C1136033,C04.557.450.565.465.500;C17.800.508.473
Childhood Acute Lymphoblastic Leukemia,C0023452,
Stage IV Esophageal Adenocarcinoma,C1142347,
Adult Hepatocellular Carcinoma,C0279607,
"stage, melanoma",C0280209,
thyroid cancer metastatic,C1096666,
Metastatic salivary gland cancer,C4520743,
Genitourinary Neoplasms,C0042065,C04.588.945;C12.758;C13.351.937
Malignant Bone Neoplasm,C0279530,
Secondary malignant neoplasm of female breast,C0346993,
recurrent neuroblastoma,C0278695,
Ewings sarcoma,C0553580,C04.557.450.565.575.650.800;C04.557.450.795.620.800
Squamous cell carcinoma of penis,C0238348,
"Squamous cell carcinoma, metastatic",C0334246,
Indolent Adult Non-Hodgkin Lymphoma,C0677728,
refractory chronic lymphocytic leukemia,C0278791,
Inflammatory disorder,C1290884,
"Lupus Erythematosus, Cutaneous",C0024137,C17.300.475;C17.800.480
Lupus Vulgaris,C0024131,C01.252.410.040.552.846.583.470;C01.252.825.820.470;C01.539.800.720.820.470;C17.800.838.765.820.470
Lupus renal disease NOS,C2895172,
Membranous glomerulonephritis,C0017665,C12.777.419.570.363.625;C13.351.968.419.570.363.625;C20.111.535
"Acute myeloid leukemia, in relapse",C2349276,
"Carcinoma, Spindle-Cell",C0205697,C04.557.470.200
Anatomic Stage I Breast Cancer AJCC v8,C4528551,
Anatomic Stage III Breast Cancer AJCC v8,C4528557,
Metastatic Bile Duct Carcinoma,C4684879,
Cancer Other,C1707251,
Hemangiosarcoma,C0018923,C04.557.450.795.390;C04.557.645.390
Recurrent tumor,C0521158,
Recurrent Hepatocellular Carcinoma,C0861876,
Childhood Hepatocellular Carcinoma,C0279606,
leukemia relapse,C0920028,
Unresectable Osteosarcoma,C4331477,
Hormone-Resistant Breast Carcinoma,C4049259,
Carcinosarcoma,C0007140,C04.557.435.290;C04.557.450.795.290
Sarcopenia,C0872084,C10.597.613.612.500;C23.300.070.500.500;C23.888.592.608.612.500
Acute Myeloid Leukemia Arising from Previous Myelodysplastic Syndrome,C1332153,
Primary Malignant Liver Neoplasm,C0024620,
ROSE Cluster 1,C4049636,
acute myelogenous Leukemia relapse,C2367456,
Acute myeloid Leukemia relapse,C1142169,
Hepatopulmonary Syndrome,C0600452,C06.552.455;C08.381.385
Unresectable Transitional Cell Carcinoma,C4331479,
Malignant Peripheral Nerve Sheath Tumor,C0751690,C04.557.450.565.590.350.590;C04.557.450.795.350.590;C04.557.580.600.580.795;C10.551.775.500.750.750;C10.668.829.725.500.600.600
Adult Liver Carcinoma,C0220630,
Collecting Duct Carcinoma of the Kidney,C1266044,C04.557.470.200.025.390;C04.588.945.947.535.160;C12.758.820.750.160;C12.777.419.473.160;C13.351.937.820.535.160;C13.351.968.419.473.160
Metastatic collecting duct carcinoma,C4721212,
Early Hepatocellular Carcinoma,C3273019,
Thyrotoxicosis,C0040156,C19.874.397.685
Kaposi Sarcoma,C0036220,C02.256.466.860;C04.557.450.795.850;C04.557.645.750
Intrahepatic Cholangiocarcinoma,C0345905,C04.557.470.200.025.450
BCLC Stage C Hepatocellular Carcinoma,C3899977,
Lymphoproliferative Disorders,C0024314,C15.604.515;C20.683.515
"SCLEROSING CHOLANGITIS, NEONATAL",C4479344,
"Astrocytoma, low grade",C1314694,
Secondary Malignant Neoplasm,C3266877,
Malignant Solitary Fibrous Tumor,C1266120,
Epithelioid hemangioendothelioma,C0206732,C04.557.645.375.370.380
recurrent plasma cell neoplasm,C1370446,
Recurrent Malignant Solid Neoplasm,C4288303,
Neurofibromatosis in children,C3824923,
Central Nervous System Melanoma,C1332888,
Recurrent Hairy Cell Leukemia,C0279780,
Erdheim-Chester Disease,C0878675,C15.604.250.410.224
"Histiocytosis, Langerhans-Cell",C0019621,C08.381.483.375;C15.604.250.400
Cutaneous Melanoma,C0151779,x.x.x.x
Stage IV Cutaneous Melanoma AJCC v6 and v7,C4520732,
Multiple malignancy,C0346429,
recurrent melanoma,C0278884,
Epithelioma,C1368683,C04.557.470.200
Skin Neoplasms,C0037286,C04.588.805;C17.800.882
Virus Diseases,C0042769,C02
Dysplastic Nevus,C0205748,C04.557.665.560.260;C04.700.305;C16.320.700.305
Melanocytic nevus,C0027962,C04.557.665.560.615
Eruptive keratoacanthoma,C0345985,
Metastatic Liposarcoma,C0855059,
Biliary Tract Neoplasm,C0005426,C04.588.274.120;C06.130.320;C06.301.120
Metastatic osteosarcoma,C0278512,
Malaise,C0231218,
Neoplastic Cell Transformation,C0007621,C04.697.098.500;C23.550.727.098.500
Laryngismus paralyticus,C0234786,
Refractory Hairy Cell Leukemia,C4551546,
Stage III Cutaneous Melanoma AJCC v6,C0278882,
Pigmented lesions,C1402291,
Nephritis,C0027697,C12.777.419.570;C13.351.968.419.570
Malignant tumor of peritoneum,C0153467,
Refractory Classical Hodgkin Lymphoma,C4524856,
Waldenstrom Macroglobulinemia,C0024419,C04.557.595.925;C14.907.454.960;C15.378.147.780.925;C15.378.463.515.960;C15.604.515.925;C20.683.780.925
Chronic Lymphocytic Leukemia/Small Lymphocytic Lymphoma,C1302547,
Recurrent Nodular Lymphocyte Predominant Hodgkin Lymphoma,C1335716,
Refractory Follicular Lymphoma,C1335723,
Chronic lymphoid leukemia in remission,C0153878,
Measurable Disease,C1513041,
Infusion-Related Reaction,C0948715,
Hairy Cell Leukemia,C0023443,C04.557.337.415;C15.604.515.553;C20.683.515.517
Chronic leukemia in relapse,C2366867,
Lymphoid leukemia in relapse,C2367048,
Refractory Marginal Zone Lymphoma,C4087393,
cns lymphoma,C0742472,
Primary central nervous system lymphoma,C0280803,
Primary cerebral lymphoma,C0240803,
Recurrent Non-Hodgkin Lymphoma,C0854866,
Recurrent Lymphoma,C4525062,
Lymphocytosis,C0024282,C15.378.553.475.604
Refractory T-Cell Non-Hodgkin Lymphoma,C0854827,
Invasive aspergillosis,C0238013,
Mycoses,C0026946,C01.703
"Lymphoma, Follicular",C0024301,C04.557.386.480.350;C15.604.515.569.480.350;C20.683.515.761.480.350
Pneumocystis jiroveci pneumonia,C1535939,C01.703.534.700;C01.703.770.700;C08.381.472.700;C08.381.677.675;C08.730.435.700;C08.730.610.675
"stage, chronic lymphocytic leukemia",C0280248,
Immune thrombocytopenic purpura,C0398650,C15.378.100.802.687.600;C15.378.140.855.925.750.600;C15.378.463.740;C20.111.759;C20.841.600;C23.550.414.950.687.600;C23.888.885.687.687.600
Pemphigus Vulgaris,C0030809,C17.800.865.716;C20.111.736
Richter's syndrome,C0349631,
"RETINOSCHISIS 1, X-LINKED, JUVENILE",C3714753,
Pemphigus,C0030807,C17.800.865.716;C20.111.736
Refractory Central Nervous System Lymphoma,C4527329,
Locally Recurrent Malignant Neoplasm,C2986682,
Low Grade Ovarian Serous Adenocarcinoma,C3642255,
Childhood Central Nervous System Neoplasm,C1377665,
Squamous cell carcinoma of mouth,C0585362,
Retinal Diseases,C0035309,C11.768
Poorly Differentiated Thyroid Carcinoma,C1266050,
Acute exacerbation of chronic obstructive airways disease,C0340044,
Indolent Non-Hodgkin Lymphoma,C1334170,
Prolymphocytic Leukemia,C0023486,C04.557.337.428.565;C15.604.515.560.550;C20.683.515.528.565
Recurrent Classical Hodgkin Lymphoma,C4524752,
Klippel-Trenaunay-Weber Syndrome,C0022739,C14.907.077.410
Stage III Cutaneous Squamous Cell Carcinoma of the Head and Neck AJCC v8,C4524523,
Small Lymphocytic Lymphoma,C0855095,C04.557.337.428.080.125;C15.604.515.560.080.125;C20.683.515.528.080.125
Marginal Zone B-Cell Lymphoma,C1367654,C04.557.386.480.150.570;C15.604.515.569.480.150.570;C20.683.515.761.480.150.570
Peripheral T-Cell Lymphoma,C0079774,C04.557.386.480.750.825;C15.604.515.569.480.750.825;C20.683.515.761.480.750.825
Aggressive Non-Hodgkin Lymphoma,C1332225,
Low Grade Malignant Neoplasm,C1334425,
"Central Nervous System Neoplasms, Primary",C0751620,C04.588.614.250;C10.551.240
Leptomeningeal Neoplasms,C0751297,C04.588.614.250.580;C10.551.240.500
Pericardial effusion,C0031039,C14.280.695
Disorder of skull,C1290854,
lymphatic cancer,C0920571,
"Carcinoma, Neuroendocrine",C0206695,C04.557.465.625.650.240;C04.557.470.200.025.370;C04.557.580.625.650.240
Mycosis Fungoides,C0026948,C04.557.386.480.750.800.550;C15.604.515.569.480.750.800.550;C20.683.515.761.480.750.800.550
Non-Hematologic Malignancy,C0935681,
"Cerebellar Ataxia, Mental Retardation, And Dysequilibrium Syndrome 1",C4551552,x.x.x.x
Endometrial Serous Adenocarcinoma,C1336921,
Brain Glioblastoma,C0349543,
Acute anterior ST segment elevation myocardial infarction,C3839746,
High Grade Ovarian Serous Adenocarcinoma,C3642254,
Glomerulosclerosis (disorder),C0178664,
Fatty Liver Disease,C4529962,
Nonalcoholic Steatohepatitis,C3241937,C06.552.241.519
Overgrowth Syndrome,C2986703,
Proteus Syndrome,C0085261,C04.445.435.500;C04.651.435.500;C05.116.099.750;C05.660.585.620;C16.131.077.740;C16.131.621.585.620
Pulmonary arterial hypertension,C2973725,
High altitude pulmonary hypertension,C0340552,
"Angina Pectoris, Variant",C0002963,C14.280.647.187.150.150;C14.907.585.187.150.500;C23.888.592.612.233.500.150.150
Coronary Artery Vasospasm,C0010073,C14.280.647.250.295;C14.907.585.250.295
Coronary Stenosis,C0242231,C14.280.647.250.285;C14.907.585.250.285
Conjunctival hyperemia,C1761613,
Exfoliation Syndrome,C0206368,C11.941.375.285
Fuchs Endothelial Dystrophy,C0016781,C11.204.236.438;C11.270.162.438;C16.320.290.162.410
Ocular Hypotension,C0028841,C11.540
"Muscular Dystrophy, Facioscapulohumeral",C0238288,C05.651.534.500.400;C10.668.491.175.500.400;C16.320.577.400
Lumbosacral radiculopathy,C0154738,
Non-ST Elevated Myocardial Infarction,C4255010,C14.280.647.500.469;C14.907.585.500.656
Vasculitis,C0042384,C14.907.940
Hyperamylasemia,C0221773,C23.550.425
Refractory Acute Lymphoblastic Leukemia,C4521228,
Rhabdomyosarcoma,C0035412,C04.557.450.590.550.660;C04.557.450.795.550.660
recurrent bladder cancer,C0278827,
Acute lymphoblastic leukemia recurrent,C1504525,
Hyperlipidemia,C0020473,C18.452.584.500.500
Refractory Ewing Sarcoma,C4684866,
Primary malignant neoplasm,C1306459,
Metaplastic carcinoma of breast,C1334708,
"Glucagonoma, malignant",C0334282,
Stage IV Colorectal Cancer,C0677950,
Urothelial Carcinoma,C2145472,
Hypertrophy of kidney,C0156259,
Tuberous Sclerosis,C0041341,C04.445.810;C04.651.800;C04.700.700;C10.500.507.400.750;C10.562.850;C10.574.500.865;C16.131.666.507.400.750;C16.320.400.880;C16.320.700.700
Malignant Carcinoid Syndrome,C0024586,C04.557.465.625.650.200.500;C04.557.470.200.025.200.500;C04.557.580.625.650.200.500
Immunosuppression,C4048329,E02.095.465.425.450;E05.478.610
Oral Ulcer,C0149745,C07.465.672
Subependymal Giant Cell Astrocytoma,C0205768,C04.557.465.625.600.380.080;C04.557.470.670.380.080;C04.557.580.625.600.380.080
Chronic total occlusion of coronary artery,C1955779,
Coronary Occlusion,C0151814,C14.280.647.250.272;C14.907.585.250.272
Acute rejection of renal transplant,C0403588,
"Sleep Apnea, Central",C0520680,C08.618.085.852.800;C10.886.425.800.750.800
Non-infectious pneumonia,C0264376,
Recurrent Chronic Lymphocytic Leukemia/Small Lymphocytic Lymphoma,C4331225,
Neuroendocrine tumor of pancreas,C4305467,
Disease of capillaries,C0155765,
Hepatic Veno-Occlusive Disease,C0019156,C06.552.360;C14.907.460
Single coronary artery,C0265903,
Vascular Diseases,C0042373,C14.907
Visual Pathway Glioma,C0796418,
Three Vessel Coronary Disease,C3272265,
Gastro-enteropancreatic neuroendocrine tumor,C2930967,x.x.x.x
Fibrolamellar Hepatocellular Carcinoma,C0334287,x.x.x.x
Angiomyolipoma,C0206633,C04.557.450.550.125;C04.557.450.692.249
Recurrent Hematologic Malignancy,C1335737,
Pancreatic Endocrine Carcinoma,C1328479,C04.557.470.200.025.290;C04.588.274.761.500;C04.588.322.475.500;C06.301.761.500;C06.689.667.500;C19.344.421.500
Angiomyolipoma of kidney,C0241961,
Chronic Total Occlusion Vessel,C3275069,
Lymphangioleiomyomatosis,C0751674,C04.557.375.460.465;C04.557.450.692.500;C15.604.515.562.465;C20.683.515.710.465
Hepatitis C,C0019196,C02.440.440;C02.782.350.350;C06.552.380.705.440
Viremia,C0042749,C02.937;C23.550.470.790.500.900
Carcinoid tumor of lung,C0280089,
Childhood Kidney Angiomyolipoma,C1333000,
Neuroendocrine neoplasm of lung,C1334452,
Arteriopathic disease,C0852949,
Large Cell Lung Neuroendocrine Carcinoma,C1334363,
High Grade Malignant Neoplasm,C1334017,
Follicular thyroid carcinoma,C0206682,C04.557.470.200.025.060
Left main coronary artery disease,C1299433,
Intracranial Meningioma,C0349604,C04.557.580.520;C04.557.645.520;C04.588.614.250.580.500;C10.551.240.500.500
Metastatic gastroesophageal adenocarcinoma,C4721207,
Lung Neoplasms,C0024121,C04.588.894.797.520;C08.381.540;C08.785.520
classic Kaposi's sarcoma,C0279084,
Recurrent T-Cell Non-Hodgkin Lymphoma,C0854826,
TUBEROUS SCLEROSIS 2 (disorder),C1860707,x.x.x.x
Coronary Artery Disease,C1956346,C14.280.647.250.260;C14.907.137.126.339;C14.907.585.250.260
"Acute lymphoblastic leukemia, in relapse",C2854088,
First myocardial infarction,C1273976,
Giant cell astrocytoma,C1860715,
"Pneumonia, Interstitial",C0206061,C08.381.483
postmenopausal syndrome,C0747771,
Left Main Coronary Artery Stenosis,C2062905,
Chronic interstitial lung disease,C0746105,
Pulmonary Emphysema,C0034067,C08.381.495.389.750
High Grade Sarcoma,C1334008,
Metastatic Malignant Peripheral Nerve Sheath Tumor,C1334720,
Digestive System Neuroendocrine Carcinoma,C2987128,
Metastatic Chondrosarcoma,C0855012,
Extraskeletal Myxoid Chondrosarcoma,C1275278,x.x.x.x
Dedifferentiated Solitary Fibrous Tumor,C2699572,
Metastatic Alveolar Soft Part Sarcoma,C0855036,
Hereditary hemorrhagic telangiectasia,C0039445,C14.907.454.900;C14.907.823.780;C15.378.463.515.900;C16.131.240.850.968
"Pheochromocytoma, malignant",C0334419,
Uterine Corpus Sarcoma,C0338113,
Childhood Soft Tissue Sarcoma,C0220645,
Corneal Neovascularization,C0085109,C11.204.290
"Genital Neoplasms, Female",C0017416,C04.588.945.418;C13.351.937.418
Stage II Prostate Cancer AJCC v7,C3146261,
recurrent nasopharyngeal cancer,C0278952,
Episodic Kinesigenic Dyskinesia 1,C4552000,x.x.x.x
Stage IV Pancreatic Cancer AJCC v6 and v7,C4520975,
Photoallergy,C0206051,C17.800.174.255.100.600;C17.800.600.325;C17.800.815.255.100.600;C20.543.418.150.600
Stage IV Thyroid Gland Follicular Carcinoma AJCC v7,C0278854,
"Pleural Effusion, Malignant",C0080032,C04.588.894.797.640.700;C08.528.652.700;C08.528.694.700;C08.785.640.700
Multiple Endocrine Neoplasia Type 2b,C0025269,C04.588.322.400.510;C04.651.600.510;C04.700.630.510;C16.320.700.630.510;C19.344.400.510
Familial medullary thyroid carcinoma,C1833921,x.x.x.x
Focal glomerulosclerosis,C0017668,C12.777.419.570.363.660;C13.351.968.419.570.363.640
Aphthous Stomatitis,C0038363,C07.465.864.750
Chronic rejection of renal transplant,C0403592,
beta Thalassemia,C0005283,C15.378.071.141.150.875.150;C15.378.420.826.150;C16.320.070.875.150;C16.320.365.826.150
Multi vessel coronary artery disease,C1299432,
Calcineurin Nephrotoxicity,C3899731,
Left anterior descending artery stenosis,C3267165,
Cerebellar decompression injury,C0344191,
Lymphocele,C0024248,C04.182.430;C15.604.510
Chronic Kidney Insufficiency,C0403447,C12.777.419.780.750;C13.351.968.419.780.750
Hepatoblastoma,C0206624,C04.557.435.380
Post-transplant lymphoproliferative disorder,C0432487,
chronic glomerular disease,C1398786,
native Coronary Stenoses,C2957458,
Edema of eyelid,C0162285,
Chronic cyclosporin A nephrotoxicity,C0403542,
FOCAL CORTICAL DYSPLASIA OF TAYLOR,C1846385,x.x.x.x
Shy-Drager Syndrome,C0037019,C10.177.575.550.750;C10.228.140.079.612.700;C10.228.662.550.700;C10.574.625.700;C14.907.514.741
Kaposiform Hemangioendothelioma,C1367420,x.x.x.x
Chronic idiopathic thrombocytopenic purpura,C0272293,
Primary Autoimmune Thrombocytopenic Purpura,C3805229,
Connective Tissue Diseases,C0009782,C17.300
Refractory Thrombocytopenia,C2826321,
"Uveitis, Posterior",C0042167,C11.941.879.780.900
"DEAFNESS, AUTOSOMAL RECESSIVE 4, WITH ENLARGED VESTIBULAR AQUEDUCT",C3538946,x.x.x.x
Pendred's syndrome,C0271829,x.x.x.x
Erosive oral lichen planus,C0406378,
Fibrous skin tumor of tuberous sclerosis,C0265319,
Fibroadenoma of breast,C0178421,
Massive Osteolyses,C0029438,C05.116.099.736;C05.116.264.579.704
Secondary malignant neoplasm of skin,C0153687,
Acquired red cell aplasia,C0340961,
IMMUNE SUPPRESSION,C1840264,
Angiofibroma,C0206731,C04.557.645.100
Severe Aplastic Anemia,C1883018,
MIRAGE SYNDROME,C4284088,
Vascular lesions,C1402315,
Infective uveitis,C1444604,
Anterior scleritis,C0155353,
Necrotizing Scleritis,C0027547,C11.790.500
Fibrofolliculoma,C0346011,
Brachial Amyotrophic Diplegia,C4522181,
Mural thrombus,C0333205,
Acute respiratory failure,C0264490,
Catch - Finding of sensory dimension of pain,C0231617,
Erythema Multiforme,C0014742,C17.800.229.400;C17.800.865.475
Ovarian Cysts,C0029927,C04.182.612;C13.351.500.056.630.580;C19.391.630.580
Steroid resistant nephrotic syndrome of childhood,C3266102,
Chronic anterior uveitis,C0008690,
Thrombotic Microangiopathies,C2717961,C15.378.140.855.925
Impaired glucose tolerance,C0271650,C18.452.394.952.500
Renal interstitial fibrosis,C0235989,
Autoimmune Lymphoproliferative Syndrome,C1328840,C15.604.515.138;C16.320.089;C20.111.288;C20.683.515.124
Metal allergy,C0577627,
Mucopolysaccharidosis III,C0026706,C16.320.565.202.715.650;C16.320.565.595.600.650;C17.300.550.575.650;C18.452.648.202.715.650;C18.452.648.595.600.650
Endometrial Hyperplasia,C0014173,C13.351.500.852.228
Malignant ascites,C0220656,
tumor vasculature,C1658953,
Tumor Lysis Syndrome,C0041364,C15.604.515.880;C20.683.515.950
Colorectal Carcinoma,C0009402,C04.588.274.476.411.307;C06.301.371.411.307;C06.405.249.411.307;C06.405.469.158.356;C06.405.469.491.307;C06.405.469.860.180
Inflammatory disorder of breast,C3495439,
Refractory anemia with excess blasts II,C1318551,
"Adenocarcinoma, Clear Cell",C0206681,C04.557.470.200.025.045
Thymic epithelial tumor,C1266101,x.x.x.x
Resectable Hepatocellular Carcinoma,C0863194,
recurrent gestational trophoblastic tumor,C0278796,
Unresectable Esophageal Carcinoma,C0743568,
blood vessel cancer,C1655210,
Mouse Melanoma,C1522102,
